{"version": "http://www.cityjson.org/version/0.1","CityObjects": {"2C40B9B8-194F-40A5-A95B-FCFB30DFDC46": {"geometry": [{"boundaries": [[[55, 56, 57]], [[58, 59, 60]], [[60, 61, 57]], [[62, 63, 64]], [[58, 60, 65]], [[66, 67, 68]], [[66, 68, 69]], [[70, 71, 67]], [[72, 67, 73]], [[74, 70, 72]], [[75, 70, 74]], [[70, 67, 72]], [[76, 77, 71]], [[76, 71, 70]], [[62, 71, 63]], [[63, 78, 64]], [[79, 59, 66]], [[68, 71, 62]], [[67, 71, 68]], [[79, 60, 59]], [[59, 67, 66]], [[61, 60, 79]], [[55, 57, 61]], [[14, 15, 16]], [[17, 14, 16]], [[18, 17, 16]], [[14, 19, 15]], [[57, 44, 60]], [[57, 48, 44]], [[20, 21, 22]], [[23, 24, 20]], [[19, 21, 20]], [[25, 24, 23]], [[24, 15, 20]], [[26, 15, 24]], [[15, 19, 20]], [[19, 27, 21]], [[88, 30, 64]], [[88, 28, 30]], [[91, 41, 75]], [[91, 36, 41]], [[31, 26, 32]], [[31, 83, 26]], [[28, 29, 30]], [[31, 32, 29]], [[28, 31, 29]], [[33, 28, 34]], [[35, 31, 33]], [[33, 31, 28]], [[70, 17, 76]], [[70, 14, 17]], [[39, 36, 91]], [[74, 39, 91]], [[36, 37, 38]], [[36, 39, 37]], [[36, 38, 40]], [[41, 36, 40]], [[80, 14, 40]], [[80, 19, 14]], [[34, 28, 88]], [[78, 34, 88]], [[79, 54, 61]], [[79, 50, 54]], [[53, 52, 56]], [[55, 53, 56]], [[17, 18, 77]], [[76, 17, 77]], [[65, 43, 58]], [[65, 45, 43]], [[18, 16, 71]], [[77, 18, 71]], [[16, 15, 81]], [[35, 16, 81]], [[84, 24, 68]], [[84, 26, 24]], [[68, 25, 69]], [[68, 24, 25]], [[67, 22, 73]], [[67, 20, 22]], [[22, 21, 72]], [[73, 22, 72]], [[90, 48, 57]], [[90, 49, 48]], [[51, 50, 79]], [[66, 51, 79]], [[54, 53, 55]], [[61, 54, 55]], [[52, 49, 90]], [[56, 52, 90]], [[87, 39, 74]], [[87, 37, 39]], [[41, 40, 70]], [[75, 41, 70]], [[38, 19, 80]], [[38, 82, 19]], [[27, 82, 38]], [[37, 27, 38]], [[81, 83, 31]], [[81, 15, 83]], [[69, 23, 66]], [[69, 25, 23]], [[85, 20, 46]], [[23, 86, 51]], [[72, 27, 87]], [[72, 21, 27]], [[64, 29, 62]], [[64, 30, 29]], [[62, 32, 84]], [[62, 29, 32]], [[35, 33, 63]], [[71, 35, 63]], [[63, 34, 78]], [[63, 33, 34]], [[60, 45, 65]], [[60, 44, 45]], [[43, 42, 59]], [[58, 43, 59]], [[59, 46, 67]], [[59, 42, 46]], [[85, 47, 89]], [[47, 86, 89]], [[42, 43, 44]], [[43, 45, 44]], [[46, 42, 47]], [[44, 48, 49]], [[47, 44, 49]], [[47, 42, 44]], [[50, 51, 47]], [[49, 52, 53]], [[54, 49, 53]], [[54, 50, 47]], [[54, 47, 49]]], "lod": 2, "type": "MultiSurface", "semantics": ["Wall", "Wall", "Wall", "Wall", "Wall", "Wall", "Wall", "Wall", "Wall", "Wall", "Wall", "Wall", "Wall", "Wall", "Wall", "Wall", "Wall", "Wall", "Wall", "Wall", "Wall", "Wall", "Wall", "Wall", "Wall", "Wall", "Wall", "Wall", "Wall", "Wall", "Wall", "Wall", "Wall", "Wall", "Wall", "Wall", "Wall", "Wall", "Wall", "Wall", "Wall", "Wall", "Wall", "Wall", "Wall", "Wall", "Wall", "Wall", "Wall", "Wall", "Wall", "Wall", "Wall", "Wall", "Wall", "Wall", "Wall", "Wall", "Wall", "Wall", "Wall", "Wall", "Wall", "Wall", "Wall", "Wall", "Wall", "Wall", "Wall", "Wall", "Wall", "Wall", "Wall", "Wall", "Wall", "Wall", "Wall", "Wall", "Wall", "Wall", "Wall", "Wall", "Wall", "Wall", "Wall", "Wall", "Wall", "Wall", "Wall", "Wall", "Wall", "Wall", "Wall", "Wall", "Wall", "Wall", "Wall", "Wall", "Wall", "Wall", "Wall", "Wall", "Wall", "Wall", "Wall", "Wall", "Wall", "Wall", "Wall", "Wall", "Wall", "Wall", "Wall", "Wall", "Wall", "Wall", "Wall", "Wall", "Wall", "Wall", "Wall", "Wall", "Wall", "Wall", "Wall", "Wall", "Wall", "Wall", "Wall", "Wall", "Wall", "Wall"], "texture": [[[]], [[]], [[]], [[]], [[]], [[]], [[]], [[]], [[]], [[]], [[]], [[]], [[]], [[]], [[]], [[]], [[]], [[]], [[]], [[]], [[]], [[]], [[]], [[2, 37, 38, 39]], [[2, 40, 37, 39]], [[2, 41, 40, 39]], [[2, 37, 42, 38]], [[2, 176, 177, 178]], [[2, 176, 179, 177]], [[3, 43, 44, 45]], [[3, 46, 47, 43]], [[3, 48, 44, 43]], [[3, 49, 47, 46]], [[3, 47, 50, 43]], [[3, 51, 50, 47]], [[3, 50, 48, 43]], [[3, 48, 52, 44]], [[4, 152, 153, 154]], [[4, 152, 155, 153]], [[4, 234, 235, 236]], [[4, 234, 237, 235]], [[5, 118, 119, 120]], [[5, 118, 121, 119]], [[6, 53, 54, 55]], [[6, 56, 57, 54]], [[6, 53, 56, 54]], [[6, 58, 59, 60]], [[6, 61, 62, 58]], [[6, 58, 62, 59]], [[6, 90, 91, 92]], [[6, 90, 93, 91]], [[6, 226, 227, 228]], [[6, 229, 226, 228]], [[7, 63, 64, 65]], [[7, 63, 66, 64]], [[7, 67, 68, 69]], [[7, 70, 67, 69]], [[7, 86, 87, 88]], [[7, 86, 89, 87]], [[7, 172, 173, 174]], [[7, 175, 172, 174]], [[7, 210, 211, 212]], [[7, 210, 213, 211]], [[8, 218, 219, 220]], [[8, 221, 218, 220]], [[9, 94, 95, 96]], [[9, 97, 94, 96]], [[9, 184, 185, 186]], [[9, 184, 187, 185]], [[10, 98, 99, 100]], [[10, 101, 98, 100]], [[10, 102, 103, 104]], [[10, 105, 102, 104]], [[10, 122, 123, 124]], [[10, 122, 125, 123]], [[10, 126, 127, 128]], [[10, 126, 129, 127]], [[10, 140, 141, 142]], [[10, 140, 143, 141]], [[10, 144, 145, 146]], [[10, 147, 144, 146]], [[10, 199, 200, 201]], [[10, 199, 202, 200]], [[10, 206, 207, 208]], [[10, 209, 206, 208]], [[10, 214, 215, 216]], [[10, 217, 214, 216]], [[10, 222, 223, 224]], [[10, 225, 222, 224]], [[10, 230, 231, 232]], [[10, 230, 233, 231]], [[10, 238, 239, 240]], [[10, 241, 238, 240]], [[11, 106, 107, 108]], [[11, 106, 109, 107]], [[11, 110, 111, 112]], [[11, 113, 110, 112]], [[11, 114, 115, 116]], [[11, 114, 117, 115]], [[11, 130, 131, 132]], [[11, 130, 133, 131]], [[11, 134, 135, 136]], [[11, 137, 138, 139]], [[11, 148, 149, 150]], [[11, 148, 151, 149]], [[11, 156, 157, 158]], [[11, 156, 159, 157]], [[11, 160, 161, 162]], [[11, 160, 163, 161]], [[11, 164, 165, 166]], [[11, 167, 164, 166]], [[11, 168, 169, 170]], [[11, 168, 171, 169]], [[11, 180, 181, 182]], [[11, 180, 183, 181]], [[11, 188, 189, 190]], [[11, 191, 188, 190]], [[11, 192, 193, 194]], [[11, 192, 195, 193]], [[11, 196, 197, 198]], [[11, 203, 204, 205]], [[12, 71, 72, 73]], [[12, 72, 74, 73]], [[12, 75, 71, 76]], [[12, 73, 77, 78]], [[12, 76, 73, 78]], [[12, 76, 71, 73]], [[13, 79, 80, 81]], [[13, 82, 83, 84]], [[13, 85, 82, 84]], [[13, 85, 79, 81]], [[13, 85, 81, 82]]]}], "type": "Building"}, "DDDF3CF3-586B-4D05-8476-809A4B1BA2F1": {"geometry": [{"boundaries": [[[7, 8, 9]], [[10, 7, 9]], [[11, 10, 9]], [[0, 1, 2]], [[3, 0, 2]], [[4, 5, 3]], [[5, 6, 0]], [[3, 5, 0]], [[10, 1, 7]], [[10, 2, 1]], [[5, 4, 11]], [[9, 5, 11]], [[12, 2, 10]], [[12, 3, 2]], [[1, 0, 13]], [[7, 1, 13]], [[8, 5, 9]], [[8, 6, 5]], [[4, 3, 12]], [[11, 4, 12]], [[13, 6, 8]], [[13, 0, 6]]], "texture": [[[]], [[]], [[]], [[0, 0, 1, 2]], [[0, 3, 0, 2]], [[0, 4, 5, 6]], [[0, 5, 7, 8]], [[0, 6, 5, 8]], [[0, 13, 14, 15]], [[0, 13, 16, 14]], [[0, 25, 26, 27]], [[0, 28, 25, 27]], [[1, 9, 10, 11]], [[1, 9, 12, 10]], [[1, 17, 18, 19]], [[1, 20, 17, 19]], [[1, 21, 22, 23]], [[1, 21, 24, 22]], [[1, 29, 30, 31]], [[1, 32, 29, 31]], [[1, 33, 34, 35]], [[1, 33, 36, 34]]], "type": "MultiSurface", "semantics": ["Wall", "Wall", "Wall", "Wall", "Wall", "Wall", "Wall", "Wall", "Wall", "Wall", "Wall", "Wall", "Wall", "Wall", "Wall", "Wall", "Wall", "Wall", "Wall", "Wall", "Wall", "Wall"], "lod": 2}], "type": "Building"}}, "appearance": {"textures": [{"image": "0112_1_19.jpg", "type": "JPG"}, {"image": "0112_1_20.jpg", "type": "JPG"}, {"image": "0112_4_10.jpg", "type": "JPG"}, {"image": "0112_4_11.jpg", "type": "JPG"}, {"image": "0112_4_12.jpg", "type": "JPG"}, {"image": "0112_4_13.jpg", "type": "JPG"}, {"image": "0112_4_14.jpg", "type": "JPG"}, {"image": "0112_4_15.jpg", "type": "JPG"}, {"image": "0112_4_16.jpg", "type": "JPG"}, {"image": "0112_4_17.jpg", "type": "JPG"}, {"image": "0112_4_18.jpg", "type": "JPG"}, {"image": "0112_4_19.jpg", "type": "JPG"}, {"image": "0112_4_7.jpg", "type": "JPG"}, {"image": "0112_4_8.jpg", "type": "JPG"}], "vertex-texture": [[0.8486, 0.8469], [0.8663, 0.8636], [0.8317, 0.8857], [0.8141, 0.8699], [0.8123, 0.8372], [0.7777, 0.8599], [0.7926, 0.8199], [0.777, 0.8604], [0.7578, 0.8429], [0.2928, 0.1029], [0.2626, 0.0934], [0.2834, 0.0891], [0.2619, 0.1093], [0.8309, 0.504], [0.8487, 0.4778], [0.8651, 0.4819], [0.8141, 0.4999], [0.2801, 0.857], [0.2625, 0.8459], [0.2874, 0.8355], [0.2965, 0.8501], [0.3514, 0.0273], [0.3314, 0.0201], [0.3522, 0.0269], [0.3307, 0.0206], [0.6976, 0.1519], [0.7322, 0.1292], [0.7529, 0.136], [0.7184, 0.1587], [0.1595, 0.8652], [0.1398, 0.8534], [0.1707, 0.847], [0.1802, 0.8609], [0.3557, 0.7359], [0.3302, 0.7287], [0.3469, 0.7217], [0.3309, 0.7463], [0.6379, 0.3314], [0.541, 0.0558], [0.6579, 0.0423], [0.7108, 0.3206], [0.6874, 0.039], [0.5648, 0.3417], [0.6549, 0.2894], [0.6217, 0.1299], [0.6411, 0.1263], [0.6637, 0.3987], [0.6402, 0.4109], [0.5036, 0.1517], [0.6642, 0.4055], [0.5281, 0.4368], [0.6403, 0.4137], [0.6216, 0.1279], [0.6301, 0.9599], [0.738, 0.9088], [0.7395, 0.9365], [0.6248, 0.8895], [0.7356, 0.8668], [0.2482, 0.1588], [0.1295, 0.1479], [0.2464, 0.1343], [0.2516, 0.205], [0.1347, 0.2185], [0.7584, 0.9007], [0.86, 0.9799], [0.7657, 0.9991], [0.8533, 0.8831], [0.0075, 0.946], [0.0004, 0.8474], [0.0989, 0.8335], [0.1091, 0.9324], [0.9279, 0.2321], [0.9301, 0.236], [0.891, 0.236], [0.8924, 0.2389], [0.9312, 0.2319], [0.8914, 0.1646], [0.7531, 0.2469], [0.714, 0.1826], [0.2865, 0.9956], [0.2535, 0.9991], [0.2197, 0.9385], [0.3964, 0.9202], [0.4297, 0.9808], [0.3753, 0.9864], [0.3536, 0.9887], [0.8889, 0.2571], [0.9353, 0.2534], [0.9617, 0.2623], [0.8624, 0.2482], [0.3336, 0.5968], [0.3293, 0.5755], [0.378, 0.5921], [0.2566, 0.5708], [0.7645, 0.9993], [0.7411, 0.7177], [0.7901, 0.7089], [0.8133, 0.9887], [0.4706, 0.8194], [0.4789, 0.8162], [0.531, 0.8265], [0.513, 0.8278], [0.9428, 0.7273], [0.9755, 0.7139], [0.9919, 0.7172], [0.9588, 0.7305], [0.4485, 0.4848], [0.4474, 0.4777], [0.4739, 0.4866], [0.4417, 0.4825], [0.4778, 0.0248], [0.5003, 0.0059], [0.5071, 0.0082], [0.4849, 0.0271], [0.6921, 0.5277], [0.6765, 0.5245], [0.6923, 0.5276], [0.6757, 0.5245], [0.8593, 0.0364], [0.9548, 0.0353], [0.9699, 0.0383], [0.8435, 0.0333], [0.9394, 0.1801], [0.8892, 0.2], [0.9393, 0.1774], [0.8894, 0.2027], [0.1218, 0.3396], [0.0958, 0.3294], [0.1373, 0.338], [0.0718, 0.3294], [0.1902, 0.378], [0.1481, 0.39], [0.1897, 0.3712], [0.1486, 0.3967], [0.7137, 0.7554], [0.7125, 0.7406], [0.7204, 0.7372], [0.6969, 0.0277], [0.6957, 0.0129], [0.7048, 0.0241], [0.7725, 0.3174], [0.7173, 0.1722], [0.7588, 0.1553], [0.7311, 0.3353], [0.2767, 0.2108], [0.2814, 0.2073], [0.3391, 0.2265], [0.3265, 0.2273], [0.0489, 0.8973], [0.0005, 0.915], [0.0488, 0.8953], [0.0006, 0.917], [0.6906, 0.2282], [0.7262, 0.2151], [0.7615, 0.222], [0.617, 0.2142], [0.4018, 0.9192], [0.3649, 0.9078], [0.4001, 0.8917], [0.3665, 0.9355], [0.361, 0.63], [0.3235, 0.6041], [0.3584, 0.5883], [0.3258, 0.6461], [0.0544, 0.2596], [0.051, 0.2135], [0.0928, 0.2062], [0.0962, 0.2521], [0.1436, 0.1271], [0.0999, 0.1098], [0.1418, 0.1027], [0.1017, 0.1344], [0.112, 0.0422], [0.1453, 0.0286], [0.2189, 0.0427], [0.148, 0.0489], [0.0432, 0.2957], [0.138, 0.2701], [0.1787, 0.2843], [0.0002, 0.2811], [0.4376, 0.1756], [0.4056, 0.166], [0.4377, 0.1732], [0.4043, 0.1681], [0.4657, 0.1568], [0.4643, 0.1403], [0.5028, 0.1538], [0.4265, 0.1432], [0.2411, 0.8461], [0.239, 0.8433], [0.2796, 0.8355], [0.2797, 0.8387], [0.1404, 0.0999], [0.103, 0.0854], [0.1436, 0.0996], [0.0998, 0.0856], [0.5401, 0.9999], [0.5112, 0.9646], [0.5368, 0.9599], [0.4036, 0.5096], [0.3651, 0.4725], [0.399, 0.4575], [0.3425, 0.5372], [0.5424, 0.1179], [0.5648, 0.0734], [0.5681, 0.1132], [0.0005, 0.3799], [0.0336, 0.3765], [0.0671, 0.3835], [0.0342, 0.3869], [0.7917, 0.1208], [0.8253, 0.1068], [0.8585, 0.1138], [0.7582, 0.1138], [0.7169, 0.1459], [0.7385, 0.1437], [0.7716, 0.1507], [0.7501, 0.1529], [0.762, 0.713], [0.8164, 0.7073], [0.8492, 0.7144], [0.7951, 0.72], [0.105, 0.3268], [0.072, 0.2852], [0.1331, 0.2577], [0.1378, 0.3117], [0.7422, 0.4158], [0.7645, 0.3985], [0.8537, 0.4272], [0.7925, 0.4319], [0.9921, 0.6951], [0.9431, 0.6155], [0.9853, 0.599], [0.9498, 0.7123], [0.4026, 0.9341], [0.4147, 0.9133], [0.4641, 0.9294], [0.3134, 0.9053], [0.4802, 0.8142], [0.47, 0.7153], [0.5207, 0.7044], [0.5297, 0.8029]]}, "type": "CityModel", "vertices": [[92534.82536, 436633.5491, 4.745268], [92535.93, 436632.86, 3.141225], [92537.59, 436635.46, 3.193244], [92536.54818, 436636.1678, 4.745268], [92535.5, 436636.88, 3.183755], [92533.78661, 436634.2757, 3.183753], [92533.75, 436634.22, 3.183755], [92535.93, 436632.86, 0.0], [92533.75, 436634.22, 0.0], [92533.78661, 436634.2757, 0.0], [92537.59, 436635.46, 0.0], [92535.5, 436636.88, 0.0], [92536.54818, 436636.1678, 0.0], [92534.82536, 436633.5491, 0.0], [92534.96, 436653.57, 12.12018], [92555.94788, 436648.4319, 16.47781], [92556.35, 436653.77, 9.510901], [92535.31, 436656.92, 7.737309], [92556.44, 436655.13, 7.737309], [92534.6508, 436650.236, 16.47781], [92546.48, 436642.5, 7.744992], [92534.27, 436644.48, 8.971345], [92534.21, 436643.53, 7.732753], [92554.7, 436641.83, 7.779159], [92555.33, 436642.97, 9.32677], [92555.21, 436641.79, 7.783314], [92555.53547, 436642.9572, 9.332692], [92534.11796, 436644.4906, 8.968441], [92561.21476, 436647.9971, 13.559368], [92558.69, 436642.76, 6.575378], [92560.77, 436642.63, 6.609718], [92555.94503, 436648.394, 13.559368], [92555.53547, 436642.9572, 6.523299], [92559.81645, 436653.5089, 6.602093], [92561.66, 436653.37, 6.602087], [92556.35, 436653.77, 6.602089], [92527.17918, 436649.6189, 13.915461], [92534.11796, 436644.4906, 7.866585], [92534.54341, 436649.0781, 13.915461], [92526.84, 436645.0, 7.833724], [92534.96, 436653.57, 7.992572], [92527.52, 436654.26, 7.80444], [92546.46, 436642.26, 6.290481], [92546.22, 436642.27, 5.97695], [92546.18, 436639.48, 6.282976], [92546.0, 436639.47, 6.050074], [92546.48, 436642.5, 6.2857], [92550.60295, 436642.1639, 11.69292], [92545.35, 436629.25, 6.516035], [92549.29518, 436628.9065, 11.69292], [92554.45446, 436639.3409, 6.319676], [92554.7, 436641.83, 6.319673], [92553.39, 436628.55, 6.319673], [92553.79441, 436632.6497, 6.319672], [92553.95557, 436634.2834, 6.31967], [92553.79441, 436632.6497, 0.0], [92553.39, 436628.55, 0.0], [92545.35, 436629.25, 0.0], [92546.22, 436642.27, 0.0], [92546.46, 436642.26, 0.0], [92546.18, 436639.48, 0.0], [92553.95557, 436634.2834, 0.0], [92558.69, 436642.76, 0.0], [92559.81645, 436653.5089, 0.0], [92560.77, 436642.63, 0.0], [92546.0, 436639.47, 0.0], [92554.7, 436641.83, 0.0], [92546.48, 436642.5, 0.0], [92555.33, 436642.97, 0.0], [92555.21, 436641.79, 0.0], [92534.96, 436653.57, 0.0], [92556.35, 436653.77, 0.0], [92534.27, 436644.48, 0.0], [92534.21, 436643.53, 0.0], [92526.84, 436645.0, 0.0], [92527.52, 436654.26, 0.0], [92535.31, 436656.92, 0.0], [92556.44, 436655.13, 0.0], [92561.66, 436653.37, 0.0], [92554.45446, 436639.3409, 0.0], [92534.6508, 436650.236, 12.388673], [92555.94788, 436648.4319, 13.510408], [92534.54341, 436649.0781, 14.964382], [92555.94503, 436648.394, 16.428434], [92555.53547, 436642.9572, 0.0], [92547.59623, 436642.409, 7.749631], [92553.59067, 436641.9204, 7.774548], [92534.11796, 436644.4906, 0.0], [92561.21476, 436647.9971, 0.0], [92550.60295, 436642.1639, 7.762129], [92549.29518, 436628.9065, 0.0], [92527.17918, 436649.6189, 0.0]], "metadata": {"crs": {"epsg": 7415}, "cityjson-version": "0.1"}}